date,passagers,vols,passagers_km,passagers_equivalents
2010-01-01,3038392,26122,"9,832",3611287
2010-02-01,2757827,23763,"8,502",3312253
2010-03-01,3415118,28896,"10,245",4100121
2010-04-01,2923148,23834,"8,742",3478576
2010-05-01,3657781,28847,"10,373",4319885
2010-06-01,3763986,28883,"10,793",4394739
2010-07-01,4045932,29069,"12,091",4708191
2010-08-01,3821502,27766,"11,725",4444200
2010-09-01,3642624,28229,"10,568",4260894
2010-10-01,3698323,27978,"10,979",4356491
2010-11-01,3286630,27252,"9,698",3953926
2010-12-01,3225563,25106,"10,115",3841716
2011-01-01,3211993,27250,"10,136",3763637
2011-02-01,2931280,25089,"8,855",3450782
2011-03-01,3423262,29019,"10,205",4085501
2011-04-01,3610998,28603,"10,418",4223364
2011-05-01,3765752,30354,"10,746",4390062
2011-06-01,3873115,29142,"10,998",4456857
2011-07-01,4220937,29461,"12,922",4837825
2011-08-01,3906978,28468,"12,554",4496670
2011-09-01,3925932,29963,"11,654",4526036
2011-10-01,3897170,30738,"11,614",4536708
2011-11-01,3456068,29478,"10,219",4050817
2011-12-01,3677443,29557,"11,126",4296513
2012-01-01,3421792,28449,"10,716",3911724
2012-02-01,3074777,26018,"9,488",3570054
2012-03-01,3733886,30920,"11,079",4369889
2012-04-01,3894185,30607,"11,005",4465235
2012-05-01,3920696,32357,"10,768",4490047
2012-06-01,4184165,32780,"11,774",4746471
2012-07-01,4525457,32954,"13,27",5099969
2012-08-01,4188868,30963,"12,753",4717946
2012-09-01,4121375,32489,"11,818",4654145
2012-10-01,3969773,32801,"11,278",4527505
2012-11-01,3591205,30131,"10,43",4120883
2012-12-01,3660177,30704,"11,037",4217219
2013-01-01,3330135,28332,"10,604",3808572
2013-02-01,3185416,27660,"9,532",3638886
2013-03-01,3782664,29926,"11,257",4313450
2013-04-01,3940845,31006,"11,231",4470115
2013-05-01,4024341,31392,"11,261",4552124
2013-06-01,4170142,30593,"11,879",4698957
2013-07-01,4504202,32011,"13,313",5059528
2013-08-01,4282416,29998,"13,315",4809397
2013-09-01,4100303,31485,"11,765",4624292
2013-10-01,4073546,30933,"11,682",4623053
2013-11-01,3620641,28814,"10,666",4177905
2013-12-01,3805557,29076,"11,529",4363765
2014-01-01,3451258,27057,"11,054",3930444
2014-02-01,3252989,26138,"9,905",3752064
2014-03-01,3839645,29804,"11,391",4432797
2014-04-01,3995512,29488,"11,502",4535471
2014-05-01,3974823,30274,"11,37",4519244
2014-06-01,4320709,30520,"12,196",4839775
2014-07-01,4524577,30894,"13,681",5059755
2014-08-01,4384898,29473,"13,793",4887216
2014-09-01,2797408,22135,"8,157",3097042
2014-10-01,4132446,30235,"11,921",4664613
2014-11-01,3612720,27506,"10,612",4148900
2014-12-01,3849848,28271,"11,436",4387918
2015-01-01,3498336,26477,"11,02",3940673
2015-02-01,3278260,24926,"9,88",3714543
2015-03-01,3814700,28629,"11,367",4304748
2015-04-01,3821715,27402,"11,423",4255448
2015-05-01,4030312,29393,"11,615",4467290
2015-06-01,4228957,29907,"12,319",4685721
2015-07-01,4507639,30156,"13,938",4951470
2015-08-01,4383076,29002,"14,109",4834277
2015-09-01,4127892,29608,"12,166",4552475
2015-10-01,4123563,29452,"12,173",4585709
2015-11-01,3413702,26191,"10,508",3867086
2015-12-01,3575907,26759,"11,117",4062972
2016-01-01,3403249,25098,"11,116",3837502
2016-02-01,3287968,24907,"10,168",3717806
2016-03-01,3687098,27017,"11,24",4156557
2016-04-01,3785906,27281,"11,385",4256570
2016-05-01,3900495,28552,"11,398",4357826
2016-06-01,3874869,27441,"11,485",4313905
2016-07-01,4214185,28134,"13,28",4670127
2016-08-01,4076222,27668,"13,348",4511102
2016-09-01,3894560,28514,"11,673",4351934
2016-10-01,3941199,28751,"11,682",4428953
2016-11-01,3531852,26065,"10,649",4009075
2016-12-01,3715085,26355,"11,568",4228340
2017-01-01,3500897,25343,"11,331",3916891
2017-02-01,3247892,23660,"10,128",3654026
2017-03-01,3713604,26905,"11,373",4200312
2017-04-01,3934743,27240,"11,823",4401840
2017-05-01,3978821,28953,"11,689",4443911
2017-06-01,4186535,28819,"12,418",4637177
2017-07-01,4506962,28895,"14,013",4964654
2017-08-01,4289568,27845,"13,86",4734405
2017-09-01,4039152,28066,"12,129",4494848
2017-10-01,4088772,28507,"12,033",4577356
2017-11-01,3644050,25851,"11,058",4130569
2017-12-01,3645803,25128,"11,78",4151931
2018-01-01,3472333,24642,"11,54",3897406
2018-02-01,3093020,21665,"10,179",3496793
2018-03-01,3575431,24778,"11,561",4054399
2018-04-01,3284675,22460,"10,347",3685989
2018-05-01,3591310,25564,"11,296",4016828
2018-06-01,3970155,26546,"12,283",4437786
2018-07-01,4199564,27230,"13,535",4677382
2018-08-01,4017186,26313,"13,711",4470438
2018-09-01,3764376,26385,"11,957",4234228
2018-10-01,3801128,26590,"11,927",4302519
2018-11-01,3370966,24063,"10,953",3860964
2018-12-01,3431558,24451,"11,421",3932077
2019-01-01,3620937,25773,"12,009",4040908
2019-02-01,3360155,23390,"10,766",3782945
2019-03-01,3952150,26898,"12,429",4457956
2019-04-01,4057455,27577,"12,52",4522036
2019-05-01,4029583,28028,"12,538",4497703
2019-06-01,4337589,28605,"13,366",4790185
2019-07-01,4555942,29240,"14,502",5020333
2019-08-01,4357623,27841,"14,525",4799634
2019-09-01,4441390,33603,"12,913",4886032
2019-10-01,4476904,33629,"12,928",4940448
2019-11-01,4096306,31011,"12,238",4572931
2019-12-01,4109837,30610,"12,795",4610808
2020-01-01,4037904,31364,"12,571",4490469
2020-02-01,3639855,28903,"10,916",4098802
2020-03-01,1806583,18007,"6,078",2168345
2020-04-01,77855,1217,"0,315",215261
2020-05-01,137230,1721,"0,408",301159
2020-06-01,492403,4736,"0,98",702096
2020-07-01,1349488,12463,"2,52",1611950
2020-08-01,1716796,16331,"3,409",2043336
2020-09-01,1446048,17542,"2,735",1761088
2020-10-01,1379098,15754,"2,937",1770199
2020-11-01,564707,7266,"1,695",926634
2020-12-01,1115854,10386,"3,509",1586219
2021-01-01,1277621,12845,"4,091",1660435
2021-02-01,883873,10291,"2,295",1291318
2021-03-01,936060,11012,"2,333",1394034
2021-04-01,866875,10619,"2,347",1311589
2021-05-01,1152178,12681,"2,738",1602601
2021-06-01,1656291,16209,"4,203",2078892
2021-07-01,2600019,21665,"7,206",3031905
2021-08-01,2743027,21721,"7,608",3149289
2021-09-01,2292565,18916,"5,768",2682922
2021-10-01,2493767,19820,"6,458",2941337
2021-11-01,2647948,21122,"7,484",3125407
2021-12-01,2626408,21323,"8,558",3117308
2022-01-01,2195909,18835,"7,552",2588484
2022-02-01,2193510,16990,"7,086",2621259
2022-03-01,2812872,20985,"8,674",3300845
2022-04-01,3167494,21921,"9,735",3614902
2022-05-01,3518029,24020,"10,43",3965409
2022-06-01,3761959,25033,"11,004",4172580
2022-07-01,4121931,26093,"12,989",4538347
2022-08-01,3968794,25196,"12,748",4372854
2022-09-01,3529789,23868,"10,627",3937797
2022-10-01,3507094,23556,"10,878",3945645
2022-11-01,3309166,23002,"10,749",3746211
2022-12-01,3459974,23068,"11,86",3931780
2023-01-01,3272469,22678,"11,31",3629618
2023-02-01,2997550,20574,"10,092",3371387
2023-03-01,3325528,22172,"11,072",3749093
2023-04-01,3496064,23531,"11,227",3860923
2023-05-01,3679714,25063,"11,611",4072716
2023-06-01,3801607,24713,"12,125",4185199
2023-07-01,4066286,25295,"13,837",4461024
2023-08-01,3925483,24456,"13,558",4318578
2023-09-01,3604392,24038,"11,888",3993655
2023-10-01,3592482,24040,"12,047",4020043
2023-11-01,3195071,21738,"11,109",3637842
2023-12-01,3386371,22371,"12,123",3840912
2024-01-01,3067168,19744,"11,299",3455911
2024-02-01,2956554,19202,"10,613",3391994
2024-03-01,3297390,21807,"11,489",3620296
2024-04-01,3390913,22622,"11,504",3762521
2024-05-01,3570309,24193,"11,945",3971822
2024-06-01,3817022,25107,"12,827",4224029
2024-07-01,4040880,25836,"14,249",4449919
2024-08-01,4070432,25458,"14,39",4475082
2024-09-01,3688962,24637,"12,395",4096766
2024-10-01,3641503,24322,"12,358",4099353
2024-11-01,3223361,20977,"11,446",3694387
2024-12-01,3525042,22923,"12,861",4016502
